IMONE;EL_PASTAS;NUORODA
Girteka Logistics;info@girteka.eu;https://for-driver.info/review-company/Girteka_Logistics.html
CEE Logistics;ceelogistics@ceelogistics.cz;https://for-driver.info/en/review-company/CEE-Logistics.html
PETRATRANS s.r.o.;jaroslav.lorenz@petratrans.cz;https://for-driver.info/en/review-company/PETRATRANS-sro.html
Translog Company s.r.o.;info@translog.company;https://for-driver.info/en/review-company/Translog-Company.html
VJM Frigotrans;info@vjmfrigotrans.cz;https://for-driver.info/en/review-company/VJM-Frigotrans.html
DUVENBECK LOGISTIK  s.r.o.;info@duvenbeck.de;https://for-driver.info/en/review-company/DUVENBECK-LOGISTIK--s-r-o-.html
ŠINDELÁŘ SPEDITION;vsindelar@sindelar-spedition.cz;https://for-driver.info/en/review-company/ŠINDELÁŘ-SPEDITION.html
Zdeněk Tomášek s.r.o.;ad.tom@seznam.cz;https://for-driver.info/en/review-company/Zdeněk-Tomášek.html
Girteka Logistics;info@girteka.eu;https://for-driver.info/review-company/Girteka_Logistics.html
Ihro Transport & Logistik;info@ihro.cz;https://for-driver.info/en/review-company/Ihro-Transport-&-Logistik.html
LUKKESCH Cargo Freighter;info@lukkesch-cargofreighter.cz;https://for-driver.info/en/review-company/LUKKESCH-Cargo-Freighter.html
Nicotrans a.s.;doprava@nicotrans.cz;https://for-driver.info/en/review-company/Nicotrans.html
MD logistika;personalistika@mdlogistika.cz;https://for-driver.info/en/review-company/MD-logistika.html
LOG-IN CZ s. r. o.;prace@login-cz.com;https://for-driver.info/en/review-company/LOG-IN.html
DOPRAVA ZARUBA;mkd@zaruba.cz;https://for-driver.info/en/review-company/DOPRAVA-ZARUBA.html
STL Express;info@stlexpress.cz;https://for-driver.info/en/review-company/STL-Express.html
Girteka Logistics;info@girteka.eu;https://for-driver.info/review-company/Girteka_Logistics.html
Hegelmann Transporte s.r.o.;info.cz@hegelmann.com;https://for-driver.info/en/review-company/Hegelmann-Transporte-sro.html
Velitan CZ s.r.o.;info@velitan.cz;https://for-driver.info/en/review-company/Velitan-CZ.html
Premier Logistics spol. s r.o.;transport@premierlogistics.cz;https://for-driver.info/en/review-company/premier-logistics-spol-s-ro.html
Bothe-Schnitzius CZ s.r.o.;dispo.prerov@bothe-schnitzius.com;https://for-driver.info/en/review-company/Bothe-Schnitzius.html
Global Transporte Czechia s.r.o.;info@gt-czechia.cz;https://for-driver.info/en/review-company/Global-Transporte-Czechia-sro.html
BOHEMIA Transport;k.dvoracek@btcz.com;https://for-driver.info/en/review-company/BOHEMIA-Transport.html
GJGU International;;https://for-driver.info/en/review-company/GJGU-International.html
Girteka Logistics;info@girteka.eu;https://for-driver.info/review-company/Girteka_Logistics.html
Petschl-Transporte Cesko s.r.o.;office@petschl-transporte.cz;https://for-driver.info/en/review-company/petschl-transporte-cesko-sro.html
VCHD Cargo;info@vchd.cz;https://for-driver.info/en/review-company/VCHD-Cargo.html
TTV Spedice spol. s r.o.;info@ttvtransport.cz;https://for-driver.info/en/review-company/TTV-Spedice.html
Šmídl;transport@smidl.cz;https://for-driver.info/en/review-company/Šmídl.html
PSOTA transport s.r.o.;dispo@psota-znojmo.cz;https://for-driver.info/en/review-company/PSOTA-transport-sro.html
ČSAD LOGISTIK;vystavelj@csadlogistik.cz;https://for-driver.info/en/review-company/ČSAD-LOGISTIK.html
Hödlmayr Logistics Czech Republic;eva.kanovska@hoedlmayr.com;https://for-driver.info/en/review-company/Hödlmayr-Logistics-Czech-Republic.html
Girteka Logistics;info@girteka.eu;https://for-driver.info/review-company/Girteka_Logistics.html
C.S.CARGO;cscargo@cscargo.cz;https://for-driver.info/en/review-company/C-S-CARGO.html
Transbozen Czech Republic;info@transbozen.cz;https://for-driver.info/en/review-company/Transbozen-Czech-Republic.html
DORYS CZ s.r.o.;dorys@dorys.cz;https://for-driver.info/en/review-company/dorys-cz-sro.html
Migma s.r.o.;info@migma.cz;https://for-driver.info/en/review-company/migma-sro.html
Intercom EU s.r.o;dispo.intercom@gmail.com;https://for-driver.info/en/review-company/intercom-eu-sro.html
ARM Transport & Spedition s.r.o.;info@arm-transport-spedition.cz;https://for-driver.info/en/review-company/arm-transport-spedition-sro.html
HŘEBÍK TRANSPORT;hrebik@hrebiktransport.cz;https://for-driver.info/en/review-company/HŘEBÍK-TRANSPORT.html
Girteka Logistics;info@girteka.eu;https://for-driver.info/review-company/Girteka_Logistics.html
JAPO-Transport;japo@japotransport.cz;https://for-driver.info/en/review-company/JAPO-Transport.html
VODÁREK TRANSPORT;info@vodarek-transport.cz;https://for-driver.info/en/review-company/VODÁREK-TRANSPORT.html
FASTLINE Logistics s.r.o.;info@fll.cz;https://for-driver.info/en/review-company/fastline-logistics-sro.html
K+K mezinárodní doprava s.r.o.;info@kpluskcz.cz;https://for-driver.info/en/review-company/K+K-mezinárodní-doprava.html
LANNUTTI Czech Republic;info.cz@lannutti.com;https://for-driver.info/en/review-company/LANNUTTI-Czech-Republic.html
TOLLMI;info@tollmi.eu;https://for-driver.info/en/review-company/TOLLMI.html
MÁTRA TRANSPORT;matra@matratrans.cz;https://for-driver.info/en/review-company/MÁTRA-TRANSPORT.html
Girteka Logistics;info@girteka.eu;https://for-driver.info/review-company/Girteka_Logistics.html
LUSTruck s.r.o;info@lustruck.cz;https://for-driver.info/en/review-company/LUSTruck-sro.html
JOVIMER;jovimer@jovimer.cz;https://for-driver.info/en/review-company/JOVIMER.html
Frost Logistics a.s.;info@frostlogistics.cz;https://for-driver.info/en/review-company/frost-logistics-as.html
FRAMA CZ s.r.o.;marcela.homolova@framacz.cz;https://for-driver.info/en/review-company/FRAMA.html
Damotrans;info@damotrans.com;https://for-driver.info/en/review-company/Damotrans.html
Seidl transport s.r.o;pb@seidltrans.com;https://for-driver.info/en/review-company/seidl-transport-sro.html
NOPROSU;info@noprosu.cz;https://for-driver.info/en/review-company/NOPROSU.html
Girteka Logistics;info@girteka.eu;https://for-driver.info/review-company/Girteka_Logistics.html
Svědík s.r.o.;info@svedik.cz;https://for-driver.info/en/review-company/Svědík-sro.html
IDEAL TRANS;info@idealtrans.cz;https://for-driver.info/en/review-company/IDEAL-TRANS.html
AG TRANSPORT s.r.o.;info@agtransport.cz;https://for-driver.info/en/review-company/ag-transport-sro.html
GELUR spol. s r.o.;gelur@gelur.com;https://for-driver.info/en/review-company/gelur-spol-s-ro.html
VALATRANS;info@valatrans.com;https://for-driver.info/en/review-company/VALATRANS.html
FBT logistics s.r.o.;info@fbtlogistics.cz;https://for-driver.info/en/review-company/FBT-LOGISTICS.html
FlexiLog CZ a.s.;info@flexilog.cz;https://for-driver.info/en/review-company/FlexiLog-CZ-as.html
Girteka Logistics;info@girteka.eu;https://for-driver.info/review-company/Girteka_Logistics.html
Jarotransit s.r.o.;info@jarotransit.cz;https://for-driver.info/en/review-company/jarotransit-sro.html
HOPI Transport;tlundak@hopi.cz;https://for-driver.info/en/review-company/HOPI-Transport.html
GW LOGISTICS a.s.;martin.jaros@gwlogistics.cz;https://for-driver.info/en/review-company/gw-logistics-as.html
Heinz logistic;tomasek@heinz-logistic.cz;https://for-driver.info/en/review-company/Heinz-logistic.html
Martin Kolek autodoprava s.r.o.;martinkolek@martinkolek.cz;https://for-driver.info/en/review-company/Martin-Kolek-s-r-o.html
Kuzník s.r.o.;p.kuznik@kuznik.cz;https://for-driver.info/en/review-company/kuznik-sro.html
Viking Trans s.r.o.;info@vikingtrans.eu;https://for-driver.info/en/review-company/viking-trans-sro.html
Girteka Logistics;info@girteka.eu;https://for-driver.info/review-company/Girteka_Logistics.html
Mapler s.r.o.;info@mapler.cz;https://for-driver.info/en/review-company/mapler-sro.html
NEEL Frigo Transport s.r.o.;jan.merxbauer@neelft.cz;https://for-driver.info/en/review-company/neel-frigo-transport-sro.html
Pospitrans;dispecer@pospitrans.cz;https://for-driver.info/en/review-company/Pospitrans.html
SPEDITRANS;info@speditrans.cz;https://for-driver.info/en/review-company/SPEDITRANS.html
Foodsped s.r.o.;info@food-sped.cz;https://for-driver.info/en/review-company/foodsped-sro.html
APA Logistik;apa@apalogistik.cz;https://for-driver.info/en/review-company/APA-Logistik.html
Nadoko s.r.o.;lukas.kozelka@nadoko.cz;https://for-driver.info/en/review-company/Nadoko-s-r-o.html
Girteka Logistics;info@girteka.eu;https://for-driver.info/review-company/Girteka_Logistics.html
Quehenberger Logistics CZE s.r.o.;office.cz@quehenberger.com;https://for-driver.info/en/review-company/quehenberger-logistics-cze-sro.html
DUO TRANS;info@duotrans.cz;https://for-driver.info/en/review-company/DUO-TRANS.html
ZACH Trans s.r.o.;jan.zach@zachtrans.cz;https://for-driver.info/en/review-company/zach-trans-sro.html
EuroCargoWay;jiri@eurocargoway.cz;https://for-driver.info/en/review-company/EuroCargoWay.html
Koritensky a.s.;info@koritensky.cz;https://for-driver.info/en/review-company/Koritensky-as.html
TOLLMI;info@tollmi.eu;https://for-driver.info/en/review-company/TOLLMI.html
MÁTRA TRANSPORT;matra@matratrans.cz;https://for-driver.info/en/review-company/MÁTRA-TRANSPORT.html
Girteka Logistics;info@girteka.eu;https://for-driver.info/review-company/Girteka_Logistics.html
BC Logistics s.r.o.;info@bcl.cz;https://for-driver.info/en/review-company/bc-logistics-sro.html
O.K. Trans Praha spol. s r.o.;obchod@oktrans.cz;https://for-driver.info/en/review-company/ok-trans-praha-spol-s-ro.html
MS Transport;info@mstran.cz;https://for-driver.info/en/review-company/MS-Transport.html
DOTRANS;info@dotrans.cz;https://for-driver.info/en/review-company/DOTRANS.html
ARTAX doprava spedice s.r.o.;dispecink@artax-cz.cz;https://for-driver.info/en/review-company/ARTAX-doprava-spedice-sro.html
ABBA Projekt;abbaprojekt@gmail.com;https://for-driver.info/en/review-company/ABBA-Projekt.html
Euroasia Cargo s.r.o.;office@eacargo.eu;https://for-driver.info/en/review-company/euroasia-cargo-sro.html
Girteka Logistics;info@girteka.eu;https://for-driver.info/review-company/Girteka_Logistics.html
BÜRGER Transport s.r.o.;info@burger-transport.cz;https://for-driver.info/en/review-company/burger-transport-sro.html
Dema Transport;petr.kocmanek@demaservice.com;https://for-driver.info/en/review-company/Dema-Transport.html
DT Logistic;barta@DTlogistic.com;https://for-driver.info/en/review-company/DT-Logistic.html
TQM - holding;tqm@tqm.cz;https://for-driver.info/en/review-company/TQM-holding.html
Mapler s.r.o.;info@mapler.cz;https://for-driver.info/en/review-company/mapler-sro.html
NEEL Frigo Transport s.r.o.;jan.merxbauer@neelft.cz;https://for-driver.info/en/review-company/neel-frigo-transport-sro.html
Pospitrans;dispecer@pospitrans.cz;https://for-driver.info/en/review-company/Pospitrans.html
Girteka Logistics;info@girteka.eu;https://for-driver.info/review-company/Girteka_Logistics.html
NOPROSU;info@noprosu.cz;https://for-driver.info/en/review-company/NOPROSU.html
Damotrans;info@damotrans.com;https://for-driver.info/en/review-company/Damotrans.html
Seidl transport s.r.o;pb@seidltrans.com;https://for-driver.info/en/review-company/seidl-transport-sro.html
AG TRANSPORT s.r.o.;info@agtransport.cz;https://for-driver.info/en/review-company/ag-transport-sro.html
SILO TRANS;silo@silotrans.cz;https://for-driver.info/en/review-company/SILO-TRANS.html
Svědík s.r.o.;info@svedik.cz;https://for-driver.info/en/review-company/Svědík-sro.html
IDEAL TRANS;info@idealtrans.cz;https://for-driver.info/en/review-company/IDEAL-TRANS.html
Girteka Logistics;info@girteka.eu;https://for-driver.info/review-company/Girteka_Logistics.html
Martin Kolek autodoprava s.r.o.;martinkolek@martinkolek.cz;https://for-driver.info/en/review-company/Martin-Kolek-s-r-o.html
Kuzník s.r.o.;p.kuznik@kuznik.cz;https://for-driver.info/en/review-company/kuznik-sro.html
Skatrans;skatrans@skatrans.cz;https://for-driver.info/en/review-company/Skatrans.html
Viking Trans s.r.o.;info@vikingtrans.eu;https://for-driver.info/en/review-company/viking-trans-sro.html
SM - Transport Spedition s.r.o.;doprava@sm-trans.cz;https://for-driver.info/en/review-company/SM-Transport-Spedition-sro.html
HELICAR;info@helicar.cz;https://for-driver.info/en/review-company/HELICAR.html
