IMONE,EL_PASTAS,NUORODA
Girteka Logistics,info@girteka.eu,https://for-driver.info/review-company/Girteka_Logistics.html
Hoptrans Group,personalas10@hoptrans.eu,https://for-driver.info/en/review-company/Hoptrans-Group.html
FINĖJAS UAB,info@finejas.lt,https://for-driver.info/en/review-company/FINĖJAS.html
Bleiras Logistics UAB,info@bleiras.lt,https://for-driver.info/en/review-company/Bleiras-Logistics.html
MANVESTA UAB,info@manvesta.lt,https://for-driver.info/en/review-company/MANVESTA-UAB.html
Baltic transline,bt@baltictransline.lt,https://for-driver.info/en/review-company/Baltic-transline.html
Kaj Madsen,info@kajmadsen.dk,https://for-driver.info/en/review-company/Kaj-Madsen.html
Biominvija,info@biominvija.lt,https://for-driver.info/en/review-company/Biominvija.html
Girteka Logistics,info@girteka.eu,https://for-driver.info/review-company/Girteka_Logistics.html
Vlantana,office@vlantana.lt,https://for-driver.info/en/review-company/Vlantana.html
Autokaravanas,aloyzasgrigaliunas@gmail.com,https://for-driver.info/en/review-company/Autokaravanas.html
Integre Trans UAB,info@integretrans.lt,https://for-driver.info/en/review-company/Integre-Trans.html
TVG-TRANSPORTO VYSTYMO GUPE UAB,info@tvg-group.eu,https://for-driver.info/en/review-company/TVG-TRANSPORTO-VYSTYMO-GUPE.html
RV Transport (UAB Nostrada),info@rvtlogistika.lt,https://for-driver.info/en/review-company/RV-Transport.html
Titandrius Logistics UAB,info@titandrius.eu,https://for-driver.info/en/review-company/Titandrius.html
Euro-Flex Baltics Express UAB,info@euroflexcargo.eu,https://for-driver.info/en/review-company/Euro-Flex-Baltics-Express-UAB.html
Girteka Logistics,info@girteka.eu,https://for-driver.info/review-company/Girteka_Logistics.html
Meidovis UAB,info@meidovis.eu,https://for-driver.info/en/review-company/Meidovis.html
Transimeksa UAB,info@transimeksa.com,https://for-driver.info/en/review-company/Transimeksa.html
Ramrenta UAB,info@ramrenta.eu,https://for-driver.info/en/review-company/Ramrenta.html
TRANSMĖJA UAB,info@transmeja.lt,https://for-driver.info/en/review-company/TRANSMĖJA.html
Ravainė,,https://for-driver.info/en/review-company/Ravainė.html
PUKENO UAB,info@pukeno.lt,https://for-driver.info/en/review-company/PUKENO.html
GEDLITO TRANSPORTAS UAB,info@gedlitas.lt,https://for-driver.info/en/review-company/GEDLITO-TRANSPORTAS.html
Girteka Logistics,info@girteka.eu,https://for-driver.info/review-company/Girteka_Logistics.html
Transtar Lithuania UAB,info@transtar.de,https://for-driver.info/en/review-company/Transtar-Lithuania-UAB.html
ROSLITAUTO UAB,roslitauto@roslitauto.lt,https://for-driver.info/en/review-company/ROSLITAUTO.html
TL Transport,info@tltransport.lt,https://for-driver.info/en/review-company/TL-Transport.html
Vailida UAB,info@vailida.lt,https://for-driver.info/en/review-company/Vailida-UAB.html
FORTOTRANS,info@fortotrans.lt,https://for-driver.info/en/review-company/FORTOTRANS.html
Transavis UAB,info@transavis.lt,https://for-driver.info/en/review-company/Transavis-UAB.html
Mitrada UAB,info@mitrada.lt,https://for-driver.info/en/review-company/Mitrada.html
Girteka Logistics,info@girteka.eu,https://for-driver.info/review-company/Girteka_Logistics.html
Jontransa UAB,info@jontransa.lt,https://for-driver.info/en/review-company/Jontransa-UAB.html
AGROLOGISTIKA,hr@agrologistika.lt,https://for-driver.info/en/review-company/AGROLOGISTIKA.html
ARCUSTA UAB,info@arcusta.lt,https://for-driver.info/en/review-company/ARCUSTA-UAB.html
Transvisata UAB,,https://for-driver.info/en/review-company/transvisata-uab.html
Sontransa UAB,info@sontransa.lt,https://for-driver.info/en/review-company/Sontransa-UAB.html
United Transline UAB,info@unitedtransline.lt,https://for-driver.info/en/review-company/United-Transline-UAB.html
KAMIDA,paulius@kamida.lt,https://for-driver.info/en/review-company/KAMIDA.html
Girteka Logistics,info@girteka.eu,https://for-driver.info/review-company/Girteka_Logistics.html
BaltUSA UAB,uabbaltusa@gmail.com,https://for-driver.info/en/review-company/BaltUSA-UAB.html
Viteska UAB,viteska@inbox.lt,https://for-driver.info/en/review-company/Viteska-UAB.html
VYKOM UAB,cartransport@vykom.com,https://for-driver.info/en/review-company/VYKOM.html
Aiketra UAB,info@aiketra.lt,https://for-driver.info/en/review-company/Aiketra-UAB.html
Disineda UAB,,https://for-driver.info/en/review-company/Disineda-UAB.html
Transriva UAB,info@transriva.lt,https://for-driver.info/en/review-company/Transriva.html
Ipukis UAB,info@ipukis.com,https://for-driver.info/en/review-company/IPUKIS.html
Girteka Logistics,info@girteka.eu,https://for-driver.info/review-company/Girteka_Logistics.html
Samarina UAB,info@samarina.lt,https://for-driver.info/en/review-company/Samarina.html
MS TRANSPORT UAB,info@mstransport.lt,https://for-driver.info/en/review-company/MS-TRANSPORT-Vilnius.html
Rosteka UAB,info@rosteka.lt,https://for-driver.info/en/review-company/Rosteka.html
Vinctra,vinctra@vinctra.lt,https://for-driver.info/en/review-company/Vinctra.html
Transvanas,transvanas@gmail.com,https://for-driver.info/en/review-company/Transvanas.html
A. Gricius’s Road Transport,cv@agriciaus.lt,https://for-driver.info/en/review-company/A--Gricius’s-Road-Transport.html
Magneta Logistics,info@magneta.lt,https://for-driver.info/en/review-company/magneta-logistics.html
Girteka Logistics,info@girteka.eu,https://for-driver.info/review-company/Girteka_Logistics.html
Norlida UAB,transport@norlida.lt,https://for-driver.info/en/review-company/Norlida-UAB.html
GRUBER Logistics UAB,lithuania@gruber-logistics.com,https://for-driver.info/en/review-company/GRUBER-LOGISTICS.html
Koneta UAB,coolturke@one.lt,https://for-driver.info/en/review-company/koneta-uab.html
ARHADA UAB,info@arhada.lt,https://for-driver.info/en/review-company/ARHADA-UAB.html
Analekta UAB,olgica@takas.lt,https://for-driver.info/en/review-company/Analekta-UAB.html
GG Transportas UAB,info@ggtransportas.lt,https://for-driver.info/en/review-company/GG-Transportas.html
Gineda ES UAB,,https://for-driver.info/en/review-company/gineda-es-uab.html
Girteka Logistics,info@girteka.eu,https://for-driver.info/review-company/Girteka_Logistics.html
D. Galkio II,viktoryiamalkova@gmail.com,https://for-driver.info/en/review-company/D--Galkio-II.html
LOTOS BALTICA,info@lotosbaltica.lt,https://for-driver.info/en/review-company/LOTOS-BALTICA.html
KOMISTAVO TRANSPORTAS UAB,gry65@bk.ru,https://for-driver.info/en/review-company/KOMISTAVO-TRANSPORTAS-UAB.html
Beljana UAB,beljana@beljana.lt,https://for-driver.info/en/review-company/Beljana.html
Saudingos Autotransportas UAB,info@saudingos.lt,https://for-driver.info/en/review-company/Saudingos-Autotransportas.html
OK transportas UAB,,https://for-driver.info/en/review-company/OK-transportas-UAB.html
VICIUNAI UAB,vici@vici.lt,https://for-driver.info/en/review-company/VICIUNAI-UAB.html
Girteka Logistics,info@girteka.eu,https://for-driver.info/review-company/Girteka_Logistics.html
Petva UAB,info@petva.lt,https://for-driver.info/en/review-company/Petva.html
Alanbalt Group UAB,alanbalt@iti.lt,https://for-driver.info/en/review-company/alanbalt-group-uab.html
Noker UAB,kestutis@noker.lt,https://for-driver.info/en/review-company/Noker.html
Kūbas UAB,kubas@kubastransport.eu,https://for-driver.info/en/review-company/Kubas-.html
Motusbona UAB,info@motusbona.lt,https://for-driver.info/en/review-company/Motusbona.html
4 RATAI UAB,info@4ratailogistics.com,https://for-driver.info/en/review-company/4-ratai-uab.html
Kautra Cargo UAB,transportas@kautracargo.lt,https://for-driver.info/en/review-company/Kautra-Cargo.html
Girteka Logistics,info@girteka.eu,https://for-driver.info/review-company/Girteka_Logistics.html
Motusbona UAB,info@motusbona.lt,https://for-driver.info/en/review-company/Motusbona.html
4 RATAI UAB,info@4ratailogistics.com,https://for-driver.info/en/review-company/4-ratai-uab.html
Kautra Cargo UAB,transportas@kautracargo.lt,https://for-driver.info/en/review-company/Kautra-Cargo.html
Refta UAB,refta@refta.lt,https://for-driver.info/en/review-company/Refta-UAB.html
Kareda,kareda@inbox.lt,https://for-driver.info/en/review-company/Kareda.html
Armindas UAB,armindas.trans@gmail.com,https://for-driver.info/en/review-company/Armindas-UAB.html
BALTIC LINE UAB,info@balticline.lt,https://for-driver.info/en/review-company/baltic-line-uab.html
Girteka Logistics,info@girteka.eu,https://for-driver.info/review-company/Girteka_Logistics.html
ISMA UAB,info@isma.lt,https://for-driver.info/en/review-company/ISMA-UAB.html
Areisa UAB,info@areisa.lt,https://for-driver.info/en/review-company/Areisa-UAB.html
Kubiliaus transportas UAB,transport@ktg.lt,https://for-driver.info/en/review-company/Kubiliaus-transportas.html
G. Luckus Rida,regimantas@rida.lt,https://for-driver.info/en/review-company/G--Luckus-Rida.html
SEV TRANSPORT UAB,,https://for-driver.info/en/review-company/SEV-TRANSPORT-UAB.html
Sausumos transportas UAB,renata@stransportas.lt,https://for-driver.info/en/review-company/Sausumos-transportas-UAB.html
Refta UAB,refta@refta.lt,https://for-driver.info/en/review-company/Refta-UAB.html
Girteka Logistics,info@girteka.eu,https://for-driver.info/review-company/Girteka_Logistics.html
Gabentra UAB,,https://for-driver.info/en/review-company/Gabentra-UAB.html
Hisef UAB,,https://for-driver.info/en/review-company/Hisef.html
Autodamas UAB,info.autodamas@gmail.com,https://for-driver.info/en/review-company/Autodamas-UAB.html
Transeka UAB,info@transeka.lt,https://for-driver.info/en/review-company/transeka-uab.html
LitCarrier,info@gulija.lt,https://for-driver.info/en/review-company/LitCarrier.html
Transvelas UAB,info@transvelas.lt,https://for-driver.info/en/review-company/Transvelas-UAB.html
Transfera UAB,cc@transfera.lt,https://for-driver.info/en/review-company/Transfera.html
Girteka Logistics,info@girteka.eu,https://for-driver.info/review-company/Girteka_Logistics.html
Degarda,degarda@takas.lt,https://for-driver.info/en/review-company/Degarda.html
Transdovis UAB,info@transdovis.lt,https://for-driver.info/en/review-company/Transdovis.html
Gabentra UAB,,https://for-driver.info/en/review-company/Gabentra-UAB.html
Hisef UAB,,https://for-driver.info/en/review-company/Hisef.html
Autodamas UAB,info.autodamas@gmail.com,https://for-driver.info/en/review-company/Autodamas-UAB.html
Transeka UAB,info@transeka.lt,https://for-driver.info/en/review-company/transeka-uab.html
LitCarrier,info@gulija.lt,https://for-driver.info/en/review-company/LitCarrier.html
Girteka Logistics,info@girteka.eu,https://for-driver.info/review-company/Girteka_Logistics.html
Stelos transportas UAB,,https://for-driver.info/en/review-company/Stelos-transportas-UAB.html
Gabentra UAB,,https://for-driver.info/en/review-company/Gabentra-UAB.html
Hisef UAB,,https://for-driver.info/en/review-company/Hisef.html
Arkama UAB,transport@arkama.com,https://for-driver.info/en/review-company/Arkama-UAB.html
Telmento transportas,info@at-transport.eu,https://for-driver.info/en/review-company/Telmento-transportas.html
V-Trans Logistika,donatas.reika@v-trans.lt,https://for-driver.info/en/review-company/V-Trans-Logistika.html
Kelukis UAB,kelukis@mail.ru,https://for-driver.info/en/review-company/Kelukis-UAB.html
Girteka Logistics,info@girteka.eu,https://for-driver.info/review-company/Girteka_Logistics.html
GERAS MEISTRAS,info@gerasmeistras.lt,https://for-driver.info/en/review-company/GERAS-MEISTRAS.html
Emons Transportas LT UAB,info@emons-transport.lt,https://for-driver.info/en/review-company/Emons-Transportas-LT-UAB.html
Gintauto transportas UAB,,https://for-driver.info/en/review-company/Gintauto-transportas-UAB.html
TRANSDOMAS UAB,info@transdomas.eu,https://for-driver.info/en/review-company/TRANSDOMAS-UAB.html
Arvydo Miliausko Transportas UAB,info@amtransport.lt,https://for-driver.info/en/review-company/Arvydo-Miliausko-Transportas-UAB.html
Kelias UAB,utena@kelias.com,https://for-driver.info/en/review-company/Kelias-UAB.html
Multitransa UAB,multitransa@gmail.com,https://for-driver.info/en/review-company/multitransa-uab.html
Girteka Logistics,info@girteka.eu,https://for-driver.info/review-company/Girteka_Logistics.html
Arvydo Miliausko Transportas UAB,info@amtransport.lt,https://for-driver.info/en/review-company/Arvydo-Miliausko-Transportas-UAB.html
Emons Transportas LT UAB,info@emons-transport.lt,https://for-driver.info/en/review-company/Emons-Transportas-LT-UAB.html
Gintauto transportas UAB,,https://for-driver.info/en/review-company/Gintauto-transportas-UAB.html
TRANSDOMAS UAB,info@transdomas.eu,https://for-driver.info/en/review-company/TRANSDOMAS-UAB.html
Kelias UAB,utena@kelias.com,https://for-driver.info/en/review-company/Kelias-UAB.html
Multitransa UAB,multitransa@gmail.com,https://for-driver.info/en/review-company/multitransa-uab.html
Makritas UAB,info@makritas.lt,https://for-driver.info/en/review-company/Makritas-UAB.html
Girteka Logistics,info@girteka.eu,https://for-driver.info/review-company/Girteka_Logistics.html
Lekpas UAB,hello@lekpas.eu,https://for-driver.info/en/review-company/Lekpas-UAB.html
TRT logistics UAB,,https://for-driver.info/en/review-company/trt-logistics-uab.html
Dominta UAB,domantas@dominta.lt,https://for-driver.info/en/review-company/Dominta-UAB.html
DAIVILVA BALTIC UAB,info@d-baltic.lt,https://for-driver.info/en/review-company/daivilva-baltic-uab.html
Arkama UAB,transport@arkama.com,https://for-driver.info/en/review-company/Arkama-UAB.html
V-Trans Logistika,donatas.reika@v-trans.lt,https://for-driver.info/en/review-company/V-Trans-Logistika.html
Kelukis UAB,kelukis@mail.ru,https://for-driver.info/en/review-company/Kelukis-UAB.html
Girteka Logistics,info@girteka.eu,https://for-driver.info/review-company/Girteka_Logistics.html
Viktransa UAB,,https://for-driver.info/en/review-company/viktransa-uab.html
Armavista UAB,info@armavista.com,https://for-driver.info/en/review-company/Armavista-UAB.html
Argonta UAB,,https://for-driver.info/en/review-company/Argonta-UAB.html
Similė UAB,info@simile.lt,https://for-driver.info/en/review-company/Similė-UAB.html
MTF UAB,info@mtf.lt,https://for-driver.info/en/review-company/MTF-UAB.html
Pervežimų partneris UAB,,https://for-driver.info/en/review-company/pervezimu-partneris-uab.html
Zaukos transportas,zauka.algis@gmail.com,https://for-driver.info/en/review-company/Zaukos-transportas.html
Girteka Logistics,info@girteka.eu,https://for-driver.info/review-company/Girteka_Logistics.html
Magiva UAB,info@magivainvest.com,https://for-driver.info/en/review-company/Magiva-UAB.html
Iksija UAB,info@iksija.lt,https://for-driver.info/en/review-company/Iksija.html
Baltic Proservices UAB,sales@balticproservices.com,https://for-driver.info/en/review-company/baltic-proservices-uab.html
Vegesta UAB,europadangos1@gmail.com,https://for-driver.info/en/review-company/Vegesta-UAB.html
Similė UAB,info@simile.lt,https://for-driver.info/en/review-company/Similė-UAB.html
Pervežimų partneris UAB,,https://for-driver.info/en/review-company/pervezimu-partneris-uab.html
RBII UAB,info@rbii.lt,https://for-driver.info/en/review-company/RBII-UAB.html
Girteka Logistics,info@girteka.eu,https://for-driver.info/review-company/Girteka_Logistics.html
AP TRANSPORTAS UAB,info@aptransport.lt,https://for-driver.info/en/review-company/ap-transportas-uab.html
Gilota UAB,gilota@gilota.lt,https://for-driver.info/en/review-company/Gilota.html
Expomet UAB,info@expomet.lt,https://for-driver.info/en/review-company/Expomet-UAB.html
Amtransa UAB,,https://for-driver.info/en/review-company/amtransa-uab.html
Ramitrans UAB,sales@ramitrans.lt,https://for-driver.info/en/review-company/Ramitrans-UAB.html
TP LOGISTICS UAB,info@tplogistics.lt,https://for-driver.info/en/review-company/TP-LOGISTICS.html
Ormontis UAB,,https://for-driver.info/en/review-company/ormontis-uab.html
Girteka Logistics,info@girteka.eu,https://for-driver.info/review-company/Girteka_Logistics.html
Logibaltika UAB,vilma@logibaltika.lt,https://for-driver.info/en/review-company/Logibaltika-UAB.html
Lumifast UAB,,https://for-driver.info/en/review-company/lumifast-uab.html
Everwest UAB,hello@everwest.net,https://for-driver.info/en/review-company/everwest-uab.html
Vegesta UAB,europadangos1@gmail.com,https://for-driver.info/en/review-company/Vegesta-UAB.html
Velotransa UAB,druskinis1@gmail.com,https://for-driver.info/en/review-company/Velotransa-UAB.html
Anyksciu ratas,info@anratas.lt,https://for-driver.info/en/review-company/Anyksciu-ratas.html
Berla UAB,uabberla@gmail.com,https://for-driver.info/en/review-company/berla-uab.html
Girteka Logistics,info@girteka.eu,https://for-driver.info/review-company/Girteka_Logistics.html
Repecka UAB,,https://for-driver.info/en/review-company/Repecka-UAB.html
STOLVIKA UAB,info@stolvika.lt,https://for-driver.info/en/review-company/STOLVIKA-UAB.html
Monakvis UAB,,https://for-driver.info/en/review-company/Monakvis-UAB.html
Transporto Marisa UAB,transport@e-cargo.lt,https://for-driver.info/en/review-company/Transporto-Marisa.html
Transaibe UAB,info@transaibe.lt,https://for-driver.info/en/review-company/Transaibe.html
UGNESA UAB,info@ugnesa.eu,https://for-driver.info/en/review-company/ugnesa-uab.html
Fautra UAB,fautra@gmail.com,https://for-driver.info/en/review-company/Fautra-UAB.html
Girteka Logistics,info@girteka.eu,https://for-driver.info/review-company/Girteka_Logistics.html
Expomet UAB,info@expomet.lt,https://for-driver.info/en/review-company/Expomet-UAB.html
JUSEMA UAB,uab.jusema@gmail.com,https://for-driver.info/en/review-company/JUSEMA.html
VISKINTA UAB,uabviskinta@gmail.com,https://for-driver.info/en/review-company/VISKINTA-UAB.html
Aderita UAB,info@aderita.lt,https://for-driver.info/en/review-company/Aderita-UAB.html
BERTENA UAB,albagira@iti.lt,https://for-driver.info/en/review-company/BERTENA-UAB.html
Baltic Proservices UAB,sales@balticproservices.com,https://for-driver.info/en/review-company/baltic-proservices-uab.html
Magiva UAB,info@magivainvest.com,https://for-driver.info/en/review-company/Magiva-UAB.html
Girteka Logistics,info@girteka.eu,https://for-driver.info/review-company/Girteka_Logistics.html
Gulija UAB,info@gulija.lt,https://for-driver.info/en/review-company/gulija-uab.html
Nostrum AJS,info@nostrum.lt,https://for-driver.info/en/review-company/Nostrum-AJS.html
Vitlaima UAB,transport@vitlaima.lt,https://for-driver.info/en/review-company/Vitlaima.html
Daitra UAB,daitra.auto@gmail.com,https://for-driver.info/en/review-company/daitra-uab.html
MILČIJA,info@milcija.lt,https://for-driver.info/en/review-company/MILČIJA.html
Avelita UAB,andrius@avelita.lt,https://for-driver.info/en/review-company/Avelita-UAB.html
SIRAMIS UAB,info@siramis.lt,https://for-driver.info/en/review-company/SIRAMIS-UAB.html
Girteka Logistics,info@girteka.eu,https://for-driver.info/review-company/Girteka_Logistics.html
Autolava UAB,autolava@post.omnitel.net,https://for-driver.info/en/review-company/Autolava-UAB.html
SIDABRINIS VORAS UAB,voras@vorastransport.eu,https://for-driver.info/en/review-company/SIDABRINIS-VORAS-UAB.html
Tokvela UAB,,https://for-driver.info/en/review-company/tokvela-uab.html
Rolavita UAB,rolavita2013@gmail.com,https://for-driver.info/en/review-company/Rolavita-UAB.html
Atekta UAB,,https://for-driver.info/en/review-company/Atekta-UAB.html
SOLOTRANSA UAB,info@solotransa.lt,https://for-driver.info/en/review-company/SOLOTRANSA-UAB.html
ERS auto UAB,,https://for-driver.info/en/review-company/ers-auto-uab.html
Girteka Logistics,info@girteka.eu,https://for-driver.info/review-company/Girteka_Logistics.html
SEMITRANSA UAB,info@semitransa.com,https://for-driver.info/en/review-company/SEMITRANSA-UAB.html
KAZI-TRANSPORT UAB,arunas@kazitransport.lt,https://for-driver.info/en/review-company/KAZI-TRANSPORT-UAB.html
Roadcargo Trans UAB,roadcargotrans@gmail.com,https://for-driver.info/en/review-company/Roadcargo-Trans-UAB.html
Emex transport UAB,transport@emexlogistics.eu,https://for-driver.info/en/review-company/emex-transport-uab.html
Dst-Transport UAB,,https://for-driver.info/en/review-company/dst-transport-uab.html
Esona UAB,uab.esona@gmail.com,https://for-driver.info/en/review-company/Esona-UAB.html
Delamode Baltics UAB,info.lt@delamode-group.com,https://for-driver.info/en/review-company/Delamode-Baltics-UAB.html
Girteka Logistics,info@girteka.eu,https://for-driver.info/review-company/Girteka_Logistics.html
SIDABRINIS VORAS UAB,voras@vorastransport.eu,https://for-driver.info/en/review-company/SIDABRINIS-VORAS-UAB.html
Tokvela UAB,,https://for-driver.info/en/review-company/tokvela-uab.html
Minjola UAB,,https://for-driver.info/en/review-company/Minjola-UAB.html
Logigama UAB,info@logigama.lt,https://for-driver.info/en/review-company/logigama-uab.html
Colourstone UAB,rimvydas.stropus@colourstone.lt,https://for-driver.info/en/review-company/Colourstone-UAB.html
Smart cars UAB,uabsmartcars@gmail.com,https://for-driver.info/en/review-company/smart-cars-uab.html
IMP-EX Lietuva UAB,info@impex.lt,https://for-driver.info/en/review-company/imp-ex-lietuva-uab.html
Girteka Logistics,info@girteka.eu,https://for-driver.info/review-company/Girteka_Logistics.html
Hermitrucks,transportas@hermitrans.lt,https://for-driver.info/en/review-company/Hermitrucks.html
VIGIDAS TRANSPORT,karjera@vigidas.lt,https://for-driver.info/en/review-company/VIGIDAS-TRANSPORT.html
Muvermann UAB,info@muvermann.com,https://for-driver.info/en/review-company/muvermann-uab.html
Tenta & Service,,https://for-driver.info/en/review-company/Tenta-&-Service.html
Rivaisa UAB,rivaisa@mail.lt,https://for-driver.info/en/review-company/Rivaisa-UAB.html
Rojsana UAB,rojsana.uab@gmail.com,https://for-driver.info/en/review-company/rojsana-uab.html
Portmann & Dobilas UAB,andrius@dobilas.lt,https://for-driver.info/en/review-company/Portmann-and-Dobilas-UAB.html
Girteka Logistics,info@girteka.eu,https://for-driver.info/review-company/Girteka_Logistics.html
Transluka UAB,,https://for-driver.info/en/review-company/Transluka-UAB.html
LVP CARGO UAB,info@lvpcargo.lt,https://for-driver.info/en/review-company/lvp-cargo-uab.html
GLOBAY,info@globay.eu,https://for-driver.info/en/review-company/GLOBAY.html
Vežam Jums UAB,vezam.jums@gmail.com,https://for-driver.info/en/review-company/vezam-jums-uab.html
BPGroup,info@bpgroup.lt,https://for-driver.info/en/review-company/BPGroup.html
Egliana,office@egliana.lt,https://for-driver.info/en/review-company/Egliana.html
Aurestėja UAB,info@auresteja.lt,https://for-driver.info/en/review-company/auresteja-uab.html
Girteka Logistics,info@girteka.eu,https://for-driver.info/review-company/Girteka_Logistics.html
BRETALITA,BretaLita@BretaLita.Lt,https://for-driver.info/en/review-company/BRETALITA.html
Softma UAB,,https://for-driver.info/en/review-company/softma-uab.html
Anetus UAB,,https://for-driver.info/en/review-company/Anetus-UAB.html
Algirdai UAB,info@algirdai.lt,https://for-driver.info/en/review-company/Algirdai-UAB.html
Ost-West Cargo Transport UAB,,https://for-driver.info/en/review-company/ost-west-cargo-transport-uab.html
Vytauto paslaugos UAB,info@vpaslaugos.lt,https://for-driver.info/en/review-company/Vytauto-paslaugos-UAB.html
Tomegris UAB,info@tomegris.lt,https://for-driver.info/en/review-company/Tomegris-UAB.html
Girteka Logistics,info@girteka.eu,https://for-driver.info/review-company/Girteka_Logistics.html
Volvega UAB,info@volvega.lt,https://for-driver.info/en/review-company/Volvega.html
Arnatransa UAB,arnatransa@gmail.com,https://for-driver.info/en/review-company/arnatransa-uab.html
TLB UAB,info@tlb.lt,https://for-driver.info/en/review-company/tlb-uab.html
ARGVA UAB,info@argva.lt,https://for-driver.info/en/review-company/ARGVA-UAB.html
Melforta UAB,,https://for-driver.info/en/review-company/Melforta-UAB.html
Sanara UAB,info@sanara.lt,https://for-driver.info/en/review-company/sanara-uab.html
Continental Transport UAB,info@continentaltransport.lt,https://for-driver.info/en/review-company/Continental-Transport-UAB.html
Girteka Logistics,info@girteka.eu,https://for-driver.info/review-company/Girteka_Logistics.html
BarSukas UAB,barsukas@barsukas.lt,https://for-driver.info/en/review-company/BarSukas-UAB.html
ASA PREKYBA UAB,info@asatransport.lt,https://for-driver.info/en/review-company/ASA-PREKYBA-UAB.html
Skeva UAB,uabskeva@gmail.com,https://for-driver.info/en/review-company/Skeva-UAB.html
Daifreda UAB,daifreda.atego@gmail.com,https://for-driver.info/en/review-company/Daifreda-UAB.html
Keda Trans UAB,kedatrans@gmail.com,https://for-driver.info/en/review-company/Keda-Trans-UAB.html
AUTIGA UAB,info@autiga.lt,https://for-driver.info/en/review-company/AUTIGA-UAB.html
SEMITRANSA UAB,info@semitransa.com,https://for-driver.info/en/review-company/SEMITRANSA-UAB.html
Girteka Logistics,info@girteka.eu,https://for-driver.info/review-company/Girteka_Logistics.html
Roadcargo Trans UAB,roadcargotrans@gmail.com,https://for-driver.info/en/review-company/Roadcargo-Trans-UAB.html
Emex transport UAB,transport@emexlogistics.eu,https://for-driver.info/en/review-company/emex-transport-uab.html
Transdana UAB,info@transdana.lt,https://for-driver.info/en/review-company/Transdana-UAB.html
Esona UAB,uab.esona@gmail.com,https://for-driver.info/en/review-company/Esona-UAB.html
Dst-Transport UAB,,https://for-driver.info/en/review-company/dst-transport-uab.html
Delamode Baltics UAB,info.lt@delamode-group.com,https://for-driver.info/en/review-company/Delamode-Baltics-UAB.html
Autolava UAB,autolava@post.omnitel.net,https://for-driver.info/en/review-company/Autolava-UAB.html
Girteka Logistics,info@girteka.eu,https://for-driver.info/review-company/Girteka_Logistics.html
LVP CARGO UAB,info@lvpcargo.lt,https://for-driver.info/en/review-company/lvp-cargo-uab.html
GLOBAY,info@globay.eu,https://for-driver.info/en/review-company/GLOBAY.html
Ost-West Cargo Transport UAB,,https://for-driver.info/en/review-company/ost-west-cargo-transport-uab.html
Vytauto paslaugos UAB,info@vpaslaugos.lt,https://for-driver.info/en/review-company/Vytauto-paslaugos-UAB.html
Tomegris UAB,info@tomegris.lt,https://for-driver.info/en/review-company/Tomegris-UAB.html
Algirdai UAB,info@algirdai.lt,https://for-driver.info/en/review-company/Algirdai-UAB.html
TLB UAB,info@tlb.lt,https://for-driver.info/en/review-company/tlb-uab.html
Girteka Logistics,info@girteka.eu,https://for-driver.info/review-company/Girteka_Logistics.html
Neradas UAB,uabneradas@gmail.com,https://for-driver.info/en/review-company/neradas-uab.html
BRETALITA,BretaLita@BretaLita.Lt,https://for-driver.info/en/review-company/BRETALITA.html
Softma UAB,,https://for-driver.info/en/review-company/softma-uab.html
Anetus UAB,,https://for-driver.info/en/review-company/Anetus-UAB.html
Truck4You UAB,uabtruck4you@gmail.com,https://for-driver.info/en/review-company/truck4you-uab.html
Transgesta UAB,info@tggroup.lt,https://for-driver.info/en/review-company/Transgesta.html
Transbalticum UAB,p.kazlouski@transbalticum.lt,https://for-driver.info/en/review-company/Transbalticum-UAB.html
Girteka Logistics,info@girteka.eu,https://for-driver.info/review-company/Girteka_Logistics.html
Esona UAB,uab.esona@gmail.com,https://for-driver.info/en/review-company/Esona-UAB.html
IMP-EX Lietuva UAB,info@impex.lt,https://for-driver.info/en/review-company/imp-ex-lietuva-uab.html
Delamode Baltics UAB,info.lt@delamode-group.com,https://for-driver.info/en/review-company/Delamode-Baltics-UAB.html
Autolava UAB,autolava@post.omnitel.net,https://for-driver.info/en/review-company/Autolava-UAB.html
SIDABRINIS VORAS UAB,voras@vorastransport.eu,https://for-driver.info/en/review-company/SIDABRINIS-VORAS-UAB.html
Tokvela UAB,,https://for-driver.info/en/review-company/tokvela-uab.html
Minjola UAB,,https://for-driver.info/en/review-company/Minjola-UAB.html
Girteka Logistics,info@girteka.eu,https://for-driver.info/review-company/Girteka_Logistics.html
Ost-West Cargo Transport UAB,,https://for-driver.info/en/review-company/ost-west-cargo-transport-uab.html
Vytauto paslaugos UAB,info@vpaslaugos.lt,https://for-driver.info/en/review-company/Vytauto-paslaugos-UAB.html
Fehuline UAB,transport@fehuline.lt,https://for-driver.info/en/review-company/Fehuline-UAB.html
Agrenta UAB,info@agrenta.lt,https://for-driver.info/en/review-company/agrenta-uab.html
Didneriai UAB,didneriai@didneriai.lt,https://for-driver.info/en/review-company/Didneriai-UAB.html
Panbaltic solutions UAB,info@go-logistics.eu,https://for-driver.info/en/review-company/Panbaltic-solutions-UAB.html
Kelruva UAB,kelruva@mail.ru,https://for-driver.info/en/review-company/Kelruva-UAB.html
Girteka Logistics,info@girteka.eu,https://for-driver.info/review-company/Girteka_Logistics.html
Freiras UAB,freiras.uab@gmail.com,https://for-driver.info/en/review-company/Freiras-UAB.html
Mobilauta UAB,info@mobilauta.lt,https://for-driver.info/en/review-company/Mobilauta-UAB.html
VSP Trans UAB,,https://for-driver.info/en/review-company/vsp-trans-uab.html
Transtika UAB,info@transtika.lt,https://for-driver.info/en/review-company/Transtika-UAB.html
R. Andrijausko UAB,,https://for-driver.info/en/review-company/r-andrijausko-uab.html
Abitra,info@abitra.lt,https://for-driver.info/en/review-company/Abitra.html
EV prekyba UAB,info@auto-prekyba.lt,https://for-driver.info/en/review-company/ev-prekyba-uab.html
Girteka Logistics,info@girteka.eu,https://for-driver.info/review-company/Girteka_Logistics.html
Lentransa UAB,info@lentransa.lt,https://for-driver.info/en/review-company/lentransa-uab.html
Neileta UAB,uabgineka@gmail.com,https://for-driver.info/en/review-company/Neileta-UAB.html
BV transportas UAB,,https://for-driver.info/en/review-company/BV-transportas-UAB.html
Inter VAL UAB,viktor.transportas@gmail.com,https://for-driver.info/en/review-company/inter-val-uab.html
Pauletra UAB,pauletrauab@gmail.com,https://for-driver.info/en/review-company/Pauletra-UAB.html
TEVO Logistika UAB,andrius@tevologistika.com,https://for-driver.info/en/review-company/tevo-logistika-uab.html
Rm-Auto UAB,bartkus.gediminas@gmail.com,https://for-driver.info/en/review-company/Rm-Auto-UAB.html
Girteka Logistics,info@girteka.eu,https://for-driver.info/review-company/Girteka_Logistics.html
Top Transporte UAB,info@toptransporte.lt,https://for-driver.info/en/review-company/top-transporte-uab.html
Ivelina UAB,info@ivelina.eu,https://for-driver.info/en/review-company/Ivelina-UAB.html
Translitas UAB,translitas@gmail.com,https://for-driver.info/en/review-company/Translitas-UAB.html
Nemantrans UAB,i.bondaruk@post.penki.lt,https://for-driver.info/en/review-company/Nemantrans-UAB.html
MANO TERRA UAB,,https://for-driver.info/en/review-company/mano-terra-uab.html
ROKAUTA UAB,info@rokauta.lt,https://for-driver.info/en/review-company/ROKAUTA-UAB.html
TOMEGA UAB,info@tomega.lt,https://for-driver.info/en/review-company/tomega-uab.html
Girteka Logistics,info@girteka.eu,https://for-driver.info/review-company/Girteka_Logistics.html
Hres UAB,info@hres.lt,https://for-driver.info/en/review-company/Hres-UAB.html
FAJUS UAB,uabfajus@gmail.com,https://for-driver.info/en/review-company/fajus-uab.html
Nuovoka UAB,nuovoka.vadyba@gmail.com,https://for-driver.info/en/review-company/nuovoka-uab.html
Tanklita UAB,info@tanklita.lt,https://for-driver.info/en/review-company/Tanklita-UAB.html
Via Genero UAB,info@viagenero.eu,https://for-driver.info/en/review-company/Via-Genero-UAB.html
Idlija UAB,info@idlija.lt,https://for-driver.info/en/review-company/idlija-uab.html
Euromobika UAB,,https://for-driver.info/en/review-company/euromobika-uab.html
Girteka Logistics,info@girteka.eu,https://for-driver.info/review-company/Girteka_Logistics.html
Ketrida UAB,ketridainfo@gmail.com,https://for-driver.info/en/review-company/ketrida-uab.html
MK Transport,info@mktransport.lt,https://for-driver.info/en/review-company/MK-Transport.html
Elspeda UAB,info@elspeda.lt,https://for-driver.info/en/review-company/elspeda-uab.html
Olertros Logistika UAB,info@olertra.lt,https://for-driver.info/en/review-company/Olertros-Logistika-UAB.html
VR Trans UAB,info@vrtrans.lt,https://for-driver.info/en/review-company/vr-trans-uab.html
Transadria UAB,info@transadria.lt,https://for-driver.info/en/review-company/Transadria.html
MAGNUM ITER UAB,,https://for-driver.info/en/review-company/MAGNUM-ITER-UAB.html
Girteka Logistics,info@girteka.eu,https://for-driver.info/review-company/Girteka_Logistics.html
R. Andrijausko UAB,,https://for-driver.info/en/review-company/r-andrijausko-uab.html
Abitra,info@abitra.lt,https://for-driver.info/en/review-company/Abitra.html
EV prekyba UAB,info@auto-prekyba.lt,https://for-driver.info/en/review-company/ev-prekyba-uab.html
Autonaja UAB,autonaja@yahoo.com,https://for-driver.info/en/review-company/Autonaja-UAB.html
Lentransa UAB,info@lentransa.lt,https://for-driver.info/en/review-company/lentransa-uab.html
Neileta UAB,uabgineka@gmail.com,https://for-driver.info/en/review-company/Neileta-UAB.html
BV transportas UAB,,https://for-driver.info/en/review-company/BV-transportas-UAB.html
Girteka Logistics,info@girteka.eu,https://for-driver.info/review-company/Girteka_Logistics.html
Translinijos UAB,info@translinijos.lt,https://for-driver.info/en/review-company/Translinijos-UAB.html
ICTO UAB,info@icto.lt,https://for-driver.info/en/review-company/ICTO-UAB.html
SITRA LT UAB,sitra-lt@sitra-group.com,https://for-driver.info/en/review-company/sitra-lt-uab.html
KASLITA UAB,info@kaslita.com,https://for-driver.info/en/review-company/KASLITA-UAB.html
Kalinera UAB,kalinera@gmail.com,https://for-driver.info/en/review-company/Kalinera-UAB.html
Riedis UAB,romas.kupstaitis@gmail.com,https://for-driver.info/en/review-company/riedis-uab.html
Keltecha UAB,info@keltecha.lt,https://for-driver.info/en/review-company/Keltecha-UAB.html
Girteka Logistics,info@girteka.eu,https://for-driver.info/review-company/Girteka_Logistics.html
Magnus axis UAB,uabmagnusaxis@gmail.com,https://for-driver.info/en/review-company/magnus-axis-uab.html
Transdeima UAB,info@transdeima.lt,https://for-driver.info/en/review-company/Transdeima-UAB.html
Vegatransa IĮ,sale@vegatransa.lt,https://for-driver.info/en/review-company/vegatransa-ii.html
ALGVITA UAB,info@algvita.lt,https://for-driver.info/en/review-company/ALGVITA-UAB.html
Transanglis UAB,ziggy@transanglis.lt,https://for-driver.info/en/review-company/Transanglis-UAB.html
Consortium LT UAB,zygimantas.nekrosius@gmail.com,https://for-driver.info/en/review-company/Consortium-LT-UAB.html
Daitrada UAB,info@daitrada.lt,https://for-driver.info/en/review-company/daitrada-uab.html
Girteka Logistics,info@girteka.eu,https://for-driver.info/review-company/Girteka_Logistics.html
Transkordas UAB,transkordas@gmail.com,https://for-driver.info/en/review-company/Transkordas-UAB.html
Fantransa UAB,,https://for-driver.info/en/review-company/fantransa-uab.html
Rodailas UAB,rodailaso@gmail.com,https://for-driver.info/en/review-company/rodailas-uab.html
AINETRA UAB,info@ainetra.lt,https://for-driver.info/en/review-company/AINETRA-UAB.html
Bordema UAB,bordema1@gmail.com,https://for-driver.info/en/review-company/bordema-uab.html
MTL GROUP UAB,transport@mtlgroup.lt,https://for-driver.info/en/review-company/MTL-GROUP-UAB.html
Nordekspresas UAB,info@nordekspresas.lt,https://for-driver.info/en/review-company/Nordekspresas-UAB.html
Girteka Logistics,info@girteka.eu,https://for-driver.info/review-company/Girteka_Logistics.html
Galuotas UAB,info@galuotas.lt,https://for-driver.info/en/review-company/Galuotas-UAB.html
Transrapidus plius UAB,transrapidus.plius@gmail.com,https://for-driver.info/en/review-company/Transrapidus-plius-UAB.html
Autopas UAB,info@autopas.lt,https://for-driver.info/en/review-company/Autopas-UAB.html
DEIMTRANSA UAB,deimante@deimtransa.lt,https://for-driver.info/en/review-company/DEIMTRANSA-UAB.html
VIRGINTA UAB,v.veikutis@gmail.com,https://for-driver.info/en/review-company/VIRGINTA-UAB.html
North Speed UAB,andrius.peciukenas@northspeed.eu,https://for-driver.info/en/review-company/north-speed-uab.html
LISNORA UAB,info@lisnora.lt,https://for-driver.info/en/review-company/LISNORA-UAB.html
Girteka Logistics,info@girteka.eu,https://for-driver.info/review-company/Girteka_Logistics.html
Minjotra UAB,info@minjotra.lt,https://for-driver.info/en/review-company/Minjotra-UAB.html
SKALVIA UAB,darius@skalvia.eu,https://for-driver.info/en/review-company/SKALVIA-UAB.html
Maksimalus Verslas UAB,maksverslas@gmail.com,https://for-driver.info/en/review-company/Maksimalus-Verslas-UAB.html
Memel Logistics UAB,info@memellogistics.lt,https://for-driver.info/en/review-company/Memel-Logistics-UAB.html
Euromagna UAB,info@euromagna.lt,https://for-driver.info/en/review-company/euromagna-uab.html
Jungtinės transporto pajėgos UAB,info@tggroup.lt,https://for-driver.info/en/review-company/jungtines-transporto-pajegos-uab.html
Akmevila UAB,info@akmevila.lt,https://for-driver.info/en/review-company/Akmevila-UAB.html
Girteka Logistics,info@girteka.eu,https://for-driver.info/review-company/Girteka_Logistics.html
Forsija Logistics,info@forsija.lt,https://for-driver.info/en/review-company/Forsija-Logistics.html
Hermes Asset Management UAB,info@ham.lt,https://for-driver.info/en/review-company/hermes-asset-management-uab.html
Grando logisitika MB,,https://for-driver.info/en/review-company/grando-logisitika-mb.html
Šiaurės molas UAB,,https://for-driver.info/en/review-company/Šiaurės-molas-UAB.html
Valdema UAB,info@valdema.lt,https://for-driver.info/en/review-company/Valdema-UAB.html
Pegasas ir partneriai UAB,info@pegasas-trans.lt,https://for-driver.info/en/review-company/Pegasas-ir-partneriai-UAB.html
Automa UAB,uabautoma@gmail.com,https://for-driver.info/en/review-company/automa-uab.html
Girteka Logistics,info@girteka.eu,https://for-driver.info/review-company/Girteka_Logistics.html
Elspeda UAB,info@elspeda.lt,https://for-driver.info/en/review-company/elspeda-uab.html
RMC MOVING,info@rmc-moving.lt,https://for-driver.info/en/review-company/RMC-MOVING.html
Trinitronas,trinitronas.mail@takas.lt,https://for-driver.info/en/review-company/Trinitronas.html
Nersta UAB,nerijae@one.lt,https://for-driver.info/en/review-company/Nersta-UAB.html
Top Transporte UAB,info@toptransporte.lt,https://for-driver.info/en/review-company/top-transporte-uab.html
Ivelina UAB,info@ivelina.eu,https://for-driver.info/en/review-company/Ivelina-UAB.html
Translitas UAB,translitas@gmail.com,https://for-driver.info/en/review-company/Translitas-UAB.html
Girteka Logistics,info@girteka.eu,https://for-driver.info/review-company/Girteka_Logistics.html
DGM FREIGHT UAB,info@dgm.lt,https://for-driver.info/en/review-company/DGM-FREIGHT-UAB.html
Transvytma UAB,transvytma@gmail.com,https://for-driver.info/en/review-company/transvytma-uab.html
Jotvainis UAB,transportas@jotvainis.lt,https://for-driver.info/en/review-company/Jotvainis-UAB.html
SKANERLITA UAB,info@skanerlita.lt,https://for-driver.info/en/review-company/SKANERLITA-UAB.html
Baltic Logistic Solutions UAB,bls@bls.lt,https://for-driver.info/en/review-company/baltic-logistic-solutions-uab.html
Tomstena UAB,uabtomstena@gmail.com,https://for-driver.info/en/review-company/Tomstena-UAB.html
A&G Autotrade UAB,info@agautotrade.lt,https://for-driver.info/en/review-company/A&G-Autotrade-UAB.html
Girteka Logistics,info@girteka.eu,https://for-driver.info/review-company/Girteka_Logistics.html
ALGVITA UAB,info@algvita.lt,https://for-driver.info/en/review-company/ALGVITA-UAB.html
Transanglis UAB,ziggy@transanglis.lt,https://for-driver.info/en/review-company/Transanglis-UAB.html
Consortium LT UAB,zygimantas.nekrosius@gmail.com,https://for-driver.info/en/review-company/Consortium-LT-UAB.html
Daitrada UAB,info@daitrada.lt,https://for-driver.info/en/review-company/daitrada-uab.html
RS LOGISTIKA,info@rslogistika.lt,https://for-driver.info/en/review-company/RS-LOGISTIKA.html
EP logistics (E. Petrovos),editapetrova@yahoo.com,https://for-driver.info/en/review-company/EP-logistics-E-Petrovos.html
Dolvera UAB,info@dolvera.lt,https://for-driver.info/en/review-company/Dolvera-UAB.html
Girteka Logistics,info@girteka.eu,https://for-driver.info/review-company/Girteka_Logistics.html
Santrans UAB,saulius.krajeckas@gmail.com,https://for-driver.info/en/review-company/Santrans-UAB.html
SMART WAY UAB,info@smartway.lt,https://for-driver.info/en/review-company/smart-way-uab.html
Tomstena UAB,uabtomstena@gmail.com,https://for-driver.info/en/review-company/Tomstena-UAB.html
A&G Autotrade UAB,info@agautotrade.lt,https://for-driver.info/en/review-company/A&G-Autotrade-UAB.html
Dagana UAB,dagana.trans@gmail.com,https://for-driver.info/en/review-company/Dagana-UAB.html
Transaida UAB,info@transaida.com,https://for-driver.info/en/review-company/transaida-uab.html
Uvela UAB,,https://for-driver.info/en/review-company/uvela-uab.html
Girteka Logistics,info@girteka.eu,https://for-driver.info/review-company/Girteka_Logistics.html
A. Jankeviciaus I.I.,augustinas@ajtrans.lt,https://for-driver.info/en/review-company/A-Jankeviciaus-I-I.html
Vizlita UAB,info@vizlita.eu,https://for-driver.info/en/review-company/vizlita-uab.html
TAVILA UAB,tavila@tavila.lt,https://for-driver.info/en/review-company/TAVILA-UAB.html
Santrans UAB,saulius.krajeckas@gmail.com,https://for-driver.info/en/review-company/Santrans-UAB.html
SMART WAY UAB,info@smartway.lt,https://for-driver.info/en/review-company/smart-way-uab.html
Gindeta UAB,dalys@gindeta.lt,https://for-driver.info/en/review-company/gindeta-uab.html
AUTECHA UAB,ramunas@autecha.lt,https://for-driver.info/en/review-company/AUTECHA-UAB.html
Girteka Logistics,info@girteka.eu,https://for-driver.info/review-company/Girteka_Logistics.html
Translinijos UAB,info@translinijos.lt,https://for-driver.info/en/review-company/Translinijos-UAB.html
ICTO UAB,info@icto.lt,https://for-driver.info/en/review-company/ICTO-UAB.html
Baltic Marine Spedition,transport@balticmarine.lt,https://for-driver.info/en/review-company/Baltic-Marine-Spedition.html
Transporto draugas UAB,eugenijus.tutkus@transportodraugas.lt,https://for-driver.info/en/review-company/transporto-draugas-uab.html
Travedus UAB,info@travedus.lt,https://for-driver.info/en/review-company/Travedus-UAB.html
Armyvita UAB,armyvita@gmail.com,https://for-driver.info/en/review-company/armyvita-uab.html
Autoritmas UAB,autoritmas@gmail.com,https://for-driver.info/en/review-company/Autoritmas-UAB.html
Girteka Logistics,info@girteka.eu,https://for-driver.info/review-company/Girteka_Logistics.html
X-Traktas UAB,info@x-traktas.com,https://for-driver.info/en/review-company/x-traktas-uab.html
Driverta,justinas.grinas@gmail.com,https://for-driver.info/en/review-company/Driverta.html
Transkordas UAB,transkordas@gmail.com,https://for-driver.info/en/review-company/Transkordas-UAB.html
Fantransa UAB,,https://for-driver.info/en/review-company/fantransa-uab.html
Rodailas UAB,rodailaso@gmail.com,https://for-driver.info/en/review-company/rodailas-uab.html
AINETRA UAB,info@ainetra.lt,https://for-driver.info/en/review-company/AINETRA-UAB.html
Bordema UAB,bordema1@gmail.com,https://for-driver.info/en/review-company/bordema-uab.html
Girteka Logistics,info@girteka.eu,https://for-driver.info/review-company/Girteka_Logistics.html
Kelruva UAB,kelruva@mail.ru,https://for-driver.info/en/review-company/Kelruva-UAB.html
Delca logistic UAB,info@delca-logistic.lt,https://for-driver.info/en/review-company/Delca-logistic-UAB.html
Vitransa UAB,info@vitransa.lt,https://for-driver.info/en/review-company/Vitransa-UAB.html
Ritmeda lt UAB,ritmeda.lt@gmail.com,https://for-driver.info/en/review-company/Ritmeda-lt-UAB.html
JSC AKSM Group,info@aksm.lt,https://for-driver.info/en/review-company/jsc-aksm-group.html
Truckaida UAB,uab.truckaida@gmail.com,https://for-driver.info/en/review-company/Truckaida-UAB.html
Transhermis,info@transhermis.com,https://for-driver.info/en/review-company/Transhermis.html
Girteka Logistics,info@girteka.eu,https://for-driver.info/review-company/Girteka_Logistics.html
N&K Spedition Lithuania,nijole@nkspedition.lt,https://for-driver.info/en/review-company/N&K-Spedition-Lithuania.html
Linėja Transport,info@lineja.com,https://for-driver.info/en/review-company/Linėja-Transport.html
Kabel Trucking,Mindaugas@kabeltrucking.com,https://for-driver.info/en/review-company/Kabel-Trucking.html
Žaibo ratai UAB,info@zaiboratai.lt,https://for-driver.info/en/review-company/zaibo-ratai-uab.html
VISLA UAB,visla@visla.lt,https://for-driver.info/en/review-company/VISLA-UAB.html
Transbigas UAB,transbigas@gmail.com,https://for-driver.info/en/review-company/transbigas-uab.html
RT LOGISTIKA UAB,egle@rtl.lt,https://for-driver.info/en/review-company/RT-LOGISTIKA-UAB.html
Girteka Logistics,info@girteka.eu,https://for-driver.info/review-company/Girteka_Logistics.html
TRANSGUDA UAB,uab.transguda@gmail.com,https://for-driver.info/en/review-company/TRANSGUDA-UAB.html
Kradis UAB,info@kradis.eu,https://for-driver.info/en/review-company/kradis-uab.html
Atamano transportas UAB,sigvaldas@gmail.com,https://for-driver.info/en/review-company/atamano-transportas-uab.html
Amervika MB,transport@amervika.lt,https://for-driver.info/en/review-company/Amervika-MB.html
ITTL UAB,,https://for-driver.info/en/review-company/ITTL-UAB.html
Vavitas UAB,uabvavitas@gmail.com,https://for-driver.info/en/review-company/vavitas-uab.html
Anmado,anmado25@gmail.com,https://for-driver.info/en/review-company/Anmado.html
Girteka Logistics,info@girteka.eu,https://for-driver.info/review-company/Girteka_Logistics.html
Dangtransas UAB,,https://for-driver.info/en/review-company/dangtransas-uab.html
Kradis UAB,info@kradis.eu,https://for-driver.info/en/review-company/kradis-uab.html
Ilokas UAB,ilokas@arsil.w3.lt,https://for-driver.info/en/review-company/Ilokas-UAB.html
Atamano transportas UAB,sigvaldas@gmail.com,https://for-driver.info/en/review-company/atamano-transportas-uab.html
Amervika MB,transport@amervika.lt,https://for-driver.info/en/review-company/Amervika-MB.html
ITTL UAB,,https://for-driver.info/en/review-company/ITTL-UAB.html
Vavitas UAB,uabvavitas@gmail.com,https://for-driver.info/en/review-company/vavitas-uab.html
Girteka Logistics,info@girteka.eu,https://for-driver.info/review-company/Girteka_Logistics.html
Panbaltic solutions UAB,info@go-logistics.eu,https://for-driver.info/en/review-company/Panbaltic-solutions-UAB.html
Kelruva UAB,kelruva@mail.ru,https://for-driver.info/en/review-company/Kelruva-UAB.html
Delca logistic UAB,info@delca-logistic.lt,https://for-driver.info/en/review-company/Delca-logistic-UAB.html
Arsaka UAB,,https://for-driver.info/en/review-company/arsaka-uab.html
RT Transport,,https://for-driver.info/en/review-company/RT-Transport.html
Doncera UAB,dm@doncera.com,https://for-driver.info/en/review-company/doncera-uab.html
Altmeda UAB,info@altmeda.eu,https://for-driver.info/en/review-company/Altmeda-UAB.html
Girteka Logistics,info@girteka.eu,https://for-driver.info/review-company/Girteka_Logistics.html
Transaida UAB,info@transaida.com,https://for-driver.info/en/review-company/transaida-uab.html
Uvela UAB,,https://for-driver.info/en/review-company/uvela-uab.html
N&K Spedition Lithuania,nijole@nkspedition.lt,https://for-driver.info/en/review-company/N&K-Spedition-Lithuania.html
Linėja Transport,info@lineja.com,https://for-driver.info/en/review-company/Linėja-Transport.html
Kabel Trucking,Mindaugas@kabeltrucking.com,https://for-driver.info/en/review-company/Kabel-Trucking.html
Žaibo ratai UAB,info@zaiboratai.lt,https://for-driver.info/en/review-company/zaibo-ratai-uab.html
VISLA UAB,visla@visla.lt,https://for-driver.info/en/review-company/VISLA-UAB.html
Girteka Logistics,info@girteka.eu,https://for-driver.info/review-company/Girteka_Logistics.html
Dobilas ir Ko UAB,kdobilas@gmail.com,https://for-driver.info/en/review-company/Dobilas-ir-Ko-UAB.html
Daivera UAB,info@daivera.lt,https://for-driver.info/en/review-company/daivera-uab.html
Vilktera UAB,info@vilktera.lt,https://for-driver.info/en/review-company/Vilktera-UAB.html
Arvera UAB,arverauab@gmail.com,https://for-driver.info/en/review-company/Arvera-UAB.html
JARGALA UAB,info@jargala.lt,https://for-driver.info/en/review-company/jargala-uab.html
LTU transportas UAB,,https://for-driver.info/en/review-company/LTU-transportas-UAB.html
Hortilog LT UAB,personal@hortilog-lt.com,https://for-driver.info/en/review-company/hortilog-lt-uab.html
Girteka Logistics,info@girteka.eu,https://for-driver.info/review-company/Girteka_Logistics.html
Vitransa UAB,info@vitransa.lt,https://for-driver.info/en/review-company/Vitransa-UAB.html
Ritmeda lt UAB,ritmeda.lt@gmail.com,https://for-driver.info/en/review-company/Ritmeda-lt-UAB.html
JSC AKSM Group,info@aksm.lt,https://for-driver.info/en/review-company/jsc-aksm-group.html
Truckaida UAB,uab.truckaida@gmail.com,https://for-driver.info/en/review-company/Truckaida-UAB.html
Transhermis,info@transhermis.com,https://for-driver.info/en/review-company/Transhermis.html
Stella Nova UAB,info@stellanova.lt,https://for-driver.info/en/review-company/Stella-Nova-UAB.html
Transkela,info@transkela.lt,https://for-driver.info/en/review-company/Transkela.html
Girteka Logistics,info@girteka.eu,https://for-driver.info/review-company/Girteka_Logistics.html
GBY UAB,administracija@gby.lt,https://for-driver.info/en/review-company/gby-uab.html
Reimeda UAB,info@reimeda.lt,https://for-driver.info/en/review-company/Reimeda-UAB.html
Okvada UAB,,https://for-driver.info/en/review-company/okvada-uab.html
AUTOVALDAS UAB,info@autovaldas.eu,https://for-driver.info/en/review-company/AUTOVALDAS-UAB.html
MegaJumbo UAB,info@megajumbo.lt,https://for-driver.info/en/review-company/MegaJumbo-UAB.html
Auteks UAB,info@auteks.lt,https://for-driver.info/en/review-company/Auteks-UAB.html
DGM FREIGHT UAB,info@dgm.lt,https://for-driver.info/en/review-company/DGM-FREIGHT-UAB.html
Girteka Logistics,info@girteka.eu,https://for-driver.info/review-company/Girteka_Logistics.html
Jotvainis UAB,transportas@jotvainis.lt,https://for-driver.info/en/review-company/Jotvainis-UAB.html
SKANERLITA UAB,info@skanerlita.lt,https://for-driver.info/en/review-company/SKANERLITA-UAB.html
Baltic Logistic Solutions UAB,bls@bls.lt,https://for-driver.info/en/review-company/baltic-logistic-solutions-uab.html
TOMIX TRANSPORT,tomas@tomixtransport.com,https://for-driver.info/en/review-company/TOMIX-TRANSPORT.html
Anagra UAB,,https://for-driver.info/en/review-company/Anagra-UAB.html
Kradis UAB,info@kradis.eu,https://for-driver.info/en/review-company/kradis-uab.html
Ilokas UAB,ilokas@arsil.w3.lt,https://for-driver.info/en/review-company/Ilokas-UAB.html
Girteka Logistics,info@girteka.eu,https://for-driver.info/review-company/Girteka_Logistics.html
APS trans MB,p.sereika@gmail.com,https://for-driver.info/en/review-company/aps-trans-mb.html
Giedmena,rimas@giedmena.lt,https://for-driver.info/en/review-company/Giedmena.html
USVA V.Usenko PI,usva@freemail.lt,https://for-driver.info/en/review-company/USVA-V-Usenko-PI.html
Trubera UAB,,https://for-driver.info/en/review-company/trubera-uab.html
REDEKA UAB,ovidijus@redeka.lt,https://for-driver.info/en/review-company/REDEKA-UAB.html
Novobalte UAB,,https://for-driver.info/en/review-company/novobalte-uab.html
TRANSPROFUS UAB,info@transprofus.com,https://for-driver.info/en/review-company/TRANSPROFUS-UAB.html
Girteka Logistics,info@girteka.eu,https://for-driver.info/review-company/Girteka_Logistics.html
SMART WAY UAB,info@smartway.lt,https://for-driver.info/en/review-company/smart-way-uab.html
Tomstena UAB,uabtomstena@gmail.com,https://for-driver.info/en/review-company/Tomstena-UAB.html
A&G Autotrade UAB,info@agautotrade.lt,https://for-driver.info/en/review-company/A&G-Autotrade-UAB.html
Dagana UAB,dagana.trans@gmail.com,https://for-driver.info/en/review-company/Dagana-UAB.html
Transaida UAB,info@transaida.com,https://for-driver.info/en/review-company/transaida-uab.html
Uvela UAB,,https://for-driver.info/en/review-company/uvela-uab.html
N&K Spedition Lithuania,nijole@nkspedition.lt,https://for-driver.info/en/review-company/N&K-Spedition-Lithuania.html
Girteka Logistics,info@girteka.eu,https://for-driver.info/review-company/Girteka_Logistics.html
Transtika UAB,info@transtika.lt,https://for-driver.info/en/review-company/Transtika-UAB.html
R. Andrijausko UAB,,https://for-driver.info/en/review-company/r-andrijausko-uab.html
Abitra,info@abitra.lt,https://for-driver.info/en/review-company/Abitra.html
EV prekyba UAB,info@auto-prekyba.lt,https://for-driver.info/en/review-company/ev-prekyba-uab.html
Autonaja UAB,autonaja@yahoo.com,https://for-driver.info/en/review-company/Autonaja-UAB.html
Lentransa UAB,info@lentransa.lt,https://for-driver.info/en/review-company/lentransa-uab.html
Solorsa UAB,tomas@solorsa.lt,https://for-driver.info/en/review-company/solorsa-uab.html
Girteka Logistics,info@girteka.eu,https://for-driver.info/review-company/Girteka_Logistics.html
Antana UAB,pervezimas.kroviniai@gmail.com,https://for-driver.info/en/review-company/antana-uab.html
Darbštuoliai UAB,greitasreisas@gmail.com,https://for-driver.info/en/review-company/Darbštuoliai-UAB.html
Kargautas UAB,info@kargautas.lt,https://for-driver.info/en/review-company/Kargautas-UAB.html
Svarina UAB,info@svarina.lt,https://for-driver.info/en/review-company/Svarina-UAB.html
EFTAL UAB,info@eftal.eu,https://for-driver.info/en/review-company/eftal-uab.html
Baltic Marine Spedition,transport@balticmarine.lt,https://for-driver.info/en/review-company/Baltic-Marine-Spedition.html
Demega UAB,minvydas@demega.lt,https://for-driver.info/en/review-company/Demega-UAB.html
Girteka Logistics,info@girteka.eu,https://for-driver.info/review-company/Girteka_Logistics.html
Bėgma UAB,info@begma.lt,https://for-driver.info/en/review-company/Bėgma-UAB.html
Galuotas UAB,info@galuotas.lt,https://for-driver.info/en/review-company/Galuotas-UAB.html
Transrapidus plius UAB,transrapidus.plius@gmail.com,https://for-driver.info/en/review-company/Transrapidus-plius-UAB.html
Autopas UAB,info@autopas.lt,https://for-driver.info/en/review-company/Autopas-UAB.html
Smart Trans Lt UAB,,https://for-driver.info/en/review-company/smart-trans-lt-uab.html
D-TRANS LLC,info@dtransllc.com,https://for-driver.info/en/review-company/D-TRANS-LLC.html
ASIANA TRADING ALLIANCE UAB,info@asianatrading.lt,https://for-driver.info/en/review-company/ASIANA-TRADING-ALLIANCE-UAB.html
Girteka Logistics,info@girteka.eu,https://for-driver.info/review-company/Girteka_Logistics.html
Valorvita UAB,,https://for-driver.info/en/review-company/valorvita-uab.html
Egirinas UAB,egirinas@gmail.com,https://for-driver.info/en/review-company/Egirinas-UAB.html
Vidmindas,info@vidmindas.lt,https://for-driver.info/en/review-company/Vidmindas.html
Lorvisa UAB,info@lorvisa.lt,https://for-driver.info/en/review-company/Lorvisa-UAB.html
Nosco LT UAB,noscolt@gmail.com,https://for-driver.info/en/review-company/Nosco-LT-UAB.html
Arrival Line UAB,info@arrivalline.lt,https://for-driver.info/en/review-company/Arrival-Line-UAB.html
Masneka UAB,info@masneka.lt,https://for-driver.info/en/review-company/Masneka-UAB.html
Girteka Logistics,info@girteka.eu,https://for-driver.info/review-company/Girteka_Logistics.html
Junitra UAB,,https://for-driver.info/en/review-company/junitra-uab.html
RMC MOVING,info@rmc-moving.lt,https://for-driver.info/en/review-company/RMC-MOVING.html
REDA transport,info@redatransport.lt,https://for-driver.info/en/review-company/REDA-transport.html
Litalda UAB,info@litalda.lt,https://for-driver.info/en/review-company/Litalda-UAB.html
RIPADA UAB,info@ripada.lt,https://for-driver.info/en/review-company/RIPADA-UAB.html
Artok UAB,,https://for-driver.info/en/review-company/artok-uab.html
IVIS UAB,order@ivis.lt,https://for-driver.info/en/review-company/IVIS-UAB.html
Girteka Logistics,info@girteka.eu,https://for-driver.info/review-company/Girteka_Logistics.html
Zojanus UAB,info@zojana.lt,https://for-driver.info/en/review-company/Zojanus-UAB.html
Freiras UAB,freiras.uab@gmail.com,https://for-driver.info/en/review-company/Freiras-UAB.html
Mobilauta UAB,info@mobilauta.lt,https://for-driver.info/en/review-company/Mobilauta-UAB.html
VSP Trans UAB,,https://for-driver.info/en/review-company/vsp-trans-uab.html
Transtika UAB,info@transtika.lt,https://for-driver.info/en/review-company/Transtika-UAB.html
R. Andrijausko UAB,,https://for-driver.info/en/review-company/r-andrijausko-uab.html
Abitra,info@abitra.lt,https://for-driver.info/en/review-company/Abitra.html
Girteka Logistics,info@girteka.eu,https://for-driver.info/review-company/Girteka_Logistics.html
DENTRANSUS UAB,info@dentransus.lt,https://for-driver.info/en/review-company/DENTRANSUS-UAB.html
STP-LT UAB,,https://for-driver.info/en/review-company/stp-lt-uab.html
Transpaslauga,transpaslauga@gmail.com,https://for-driver.info/en/review-company/Transpaslauga.html
KAUNAS LOGISTICS AGENCY,info@kla.lt,https://for-driver.info/en/review-company/KAUNAS-LOGISTICS-AGENCY.html
Venpaltranso logistika UAB,venpaltransologistika@gmail.com,https://for-driver.info/en/review-company/venpaltranso-logistika-uab.html
Ridus UAB,info@ridus.lt,https://for-driver.info/en/review-company/ridus-uab.html
LICATRANS UAB,info@licatrans.lt,https://for-driver.info/en/review-company/LICATRANS-UAB.html
Girteka Logistics,info@girteka.eu,https://for-driver.info/review-company/Girteka_Logistics.html
ALGVITA UAB,info@algvita.lt,https://for-driver.info/en/review-company/ALGVITA-UAB.html
Transanglis UAB,ziggy@transanglis.lt,https://for-driver.info/en/review-company/Transanglis-UAB.html
Consortium LT UAB,zygimantas.nekrosius@gmail.com,https://for-driver.info/en/review-company/Consortium-LT-UAB.html
Daitrada UAB,info@daitrada.lt,https://for-driver.info/en/review-company/daitrada-uab.html
RS LOGISTIKA,info@rslogistika.lt,https://for-driver.info/en/review-company/RS-LOGISTIKA.html
EP logistics (E. Petrovos),editapetrova@yahoo.com,https://for-driver.info/en/review-company/EP-logistics-E-Petrovos.html
Dolvera UAB,info@dolvera.lt,https://for-driver.info/en/review-company/Dolvera-UAB.html
Girteka Logistics,info@girteka.eu,https://for-driver.info/review-company/Girteka_Logistics.html
Transdeima UAB,info@transdeima.lt,https://for-driver.info/en/review-company/Transdeima-UAB.html
Vegatransa IĮ,sale@vegatransa.lt,https://for-driver.info/en/review-company/vegatransa-ii.html
ALGVITA UAB,info@algvita.lt,https://for-driver.info/en/review-company/ALGVITA-UAB.html
Transanglis UAB,ziggy@transanglis.lt,https://for-driver.info/en/review-company/Transanglis-UAB.html
Consortium LT UAB,zygimantas.nekrosius@gmail.com,https://for-driver.info/en/review-company/Consortium-LT-UAB.html
Daitrada UAB,info@daitrada.lt,https://for-driver.info/en/review-company/daitrada-uab.html
RS LOGISTIKA,info@rslogistika.lt,https://for-driver.info/en/review-company/RS-LOGISTIKA.html
